current_date,sale_id,product_id,name,price
2026-08-18,1,P005,Mobile Phone Case,15
2026-08-18,2,P001,Wireless Headphones,100
2026-08-18,3,P001,Wireless Headphones,100
2026-08-18,4,P006,Wireless Mouse,30
2026-08-18,5,P006,Wireless Mouse,30
2026-08-18,6,P003,Bluetooth Speaker,50
2026-08-18,7,P004,USB Flash Drive,20
2026-08-18,8,P007,Laptop Stand,40
2026-08-18,9,P005,Mobile Phone Case,15
2026-08-18,10,P006,Wireless Mouse,30
2026-08-18,11,P004,USB Flash Drive,20
2026-08-18,12,P006,Wireless Mouse,30
2026-08-18,13,P007,Laptop Stand,40
2026-08-18,14,P004,USB Flash Drive,20
2026-08-18,15,P005,Mobile Phone Case,15
2026-08-18,16,P010,External Hard Drive,100
2026-08-18,17,P010,External Hard Drive,100
2026-08-18,18,P004,USB Flash Drive,20
2026-08-18,19,P009,Smartphone,600
2026-08-18,20,P001,Wireless Headphones,100
2026-08-18,21,P008,HDMI Cable,15
2026-08-18,22,P007,Laptop Stand,40
2026-08-18,23,P007,Laptop Stand,40
2026-08-18,24,P003,Bluetooth Speaker,50
2026-08-18,25,P007,Laptop Stand,40
2026-08-18,26,P003,Bluetooth Speaker,50
2026-08-18,27,P002,Laptop Backpack,60
2026-08-18,28,P001,Wireless Headphones,100
2026-08-18,29,P004,USB Flash Drive,20
2026-08-18,30,P006,Wireless Mouse,30
2026-08-18,31,P002,Laptop Backpack,60
2026-08-18,32,P003,Bluetooth Speaker,50
2026-08-18,33,P008,HDMI Cable,15
2026-08-18,34,P004,USB Flash Drive,20
2026-08-18,35,P009,Smartphone,600
2026-08-18,36,P001,Wireless Headphones,100
2026-08-18,37,P003,Bluetooth Speaker,50
2026-08-18,38,P006,Wireless Mouse,30
2026-08-18,39,P008,HDMI Cable,15
2026-08-18,40,P004,USB Flash Drive,20
2026-08-18,41,P009,Smartphone,600
2026-08-18,42,P008,HDMI Cable,15
2026-08-18,43,P006,Wireless Mouse,30
2026-08-18,44,P005,Mobile Phone Case,15
2026-08-18,45,P005,Mobile Phone Case,15
2026-08-18,46,P001,Wireless Headphones,100
2026-08-18,47,P002,Laptop Backpack,60
2026-08-18,48,P005,Mobile Phone Case,15
2026-08-18,49,P002,Laptop Backpack,60
2026-08-18,50,P009,Smartphone,600
2026-08-18,51,P002,Laptop Backpack,60
2026-08-18,52,P001,Wireless Headphones,100
2026-08-18,53,P006,Wireless Mouse,30
2026-08-18,54,P008,HDMI Cable,15
2026-08-18,55,P006,Wireless Mouse,30
2026-08-18,56,P010,External Hard Drive,100
2026-08-18,57,P002,Laptop Backpack,60
2026-08-18,58,P008,HDMI Cable,15
2026-08-18,59,P002,Laptop Backpack,60
2026-08-18,60,P001,Wireless Headphones,100
2026-08-18,61,P008,HDMI Cable,15
2026-08-18,62,P008,HDMI Cable,15
2026-08-18,63,P006,Wireless Mouse,30
2026-08-18,64,P006,Wireless Mouse,30
2026-08-18,65,P002,Laptop Backpack,60
2026-08-18,66,P004,USB Flash Drive,20
2026-08-18,67,P005,Mobile Phone Case,15
2026-08-18,68,P001,Wireless Headphones,100
2026-08-18,69,P010,External Hard Drive,100
2026-08-18,70,P001,Wireless Headphones,100
2026-08-18,71,P003,Bluetooth Speaker,50
2026-08-18,72,P001,Wireless Headphones,100
2026-08-18,73,P003,Bluetooth Speaker,50
2026-08-18,74,P010,External Hard Drive,100
2026-08-18,75,P008,HDMI Cable,15
2026-08-18,76,P004,USB Flash Drive,20
2026-08-18,77,P006,Wireless Mouse,30
2026-08-18,78,P005,Mobile Phone Case,15
2026-08-18,79,P001,Wireless Headphones,100
2026-08-18,80,P009,Smartphone,600
2026-08-18,81,P009,Smartphone,600
2026-08-18,82,P010,External Hard Drive,100
2026-08-18,83,P008,HDMI Cable,15
2026-08-18,84,P006,Wireless Mouse,30
2026-08-18,85,P004,USB Flash Drive,20
2026-08-18,86,P002,Laptop Backpack,60
2026-08-18,87,P001,Wireless Headphones,100
2026-08-18,88,P003,Bluetooth Speaker,50
2026-08-18,89,P003,Bluetooth Speaker,50
2026-08-18,90,P001,Wireless Headphones,100
2026-08-18,91,P004,USB Flash Drive,20
2026-08-18,92,P005,Mobile Phone Case,15
2026-08-18,93,P010,External Hard Drive,100
2026-08-18,94,P001,Wireless Headphones,100
2026-08-18,95,P006,Wireless Mouse,30
2026-08-18,96,P006,Wireless Mouse,30
2026-08-18,97,P002,Laptop Backpack,60
2026-08-18,98,P002,Laptop Backpack,60
2026-08-18,99,P010,External Hard Drive,100
2026-08-18,100,P004,USB Flash Drive,20
2026-08-18,101,P005,Mobile Phone Case,15
2026-08-18,102,P010,External Hard Drive,100
2026-08-18,103,P001,Wireless Headphones,100
2026-08-18,104,P008,HDMI Cable,15
2026-08-18,105,P003,Bluetooth Speaker,50
2026-08-18,106,P008,HDMI Cable,15
2026-08-18,107,P001,Wireless Headphones,100
2026-08-18,108,P001,Wireless Headphones,100
2026-08-18,109,P004,USB Flash Drive,20
2026-08-18,110,P001,Wireless Headphones,100
2026-08-18,111,P003,Bluetooth Speaker,50
2026-08-18,112,P004,USB Flash Drive,20
2026-08-18,113,P004,USB Flash Drive,20
2026-08-18,114,P003,Bluetooth Speaker,50
2026-08-18,115,P003,Bluetooth Speaker,50
2026-08-18,116,P004,USB Flash Drive,20
2026-08-18,117,P008,HDMI Cable,15
2026-08-18,118,P008,HDMI Cable,15
2026-08-18,119,P009,Smartphone,600
2026-08-18,120,P001,Wireless Headphones,100
2026-08-18,121,P006,Wireless Mouse,30
2026-08-18,122,P001,Wireless Headphones,100
2026-08-18,123,P009,Smartphone,600
2026-08-18,124,P008,HDMI Cable,15
2026-08-18,125,P010,External Hard Drive,100
2026-08-18,126,P001,Wireless Headphones,100
2026-08-18,127,P007,Laptop Stand,40
2026-08-18,128,P001,Wireless Headphones,100
2026-08-18,129,P002,Laptop Backpack,60
2026-08-18,130,P009,Smartphone,600
2026-08-18,131,P007,Laptop Stand,40
2026-08-18,132,P003,Bluetooth Speaker,50
2026-08-18,133,P001,Wireless Headphones,100
2026-08-18,134,P005,Mobile Phone Case,15
2026-08-18,135,P006,Wireless Mouse,30
2026-08-18,136,P006,Wireless Mouse,30
2026-08-18,137,P003,Bluetooth Speaker,50
2026-08-18,138,P006,Wireless Mouse,30
2026-08-18,139,P002,Laptop Backpack,60
2026-08-18,140,P001,Wireless Headphones,100
2026-08-18,141,P010,External Hard Drive,100
2026-08-18,142,P010,External Hard Drive,100
2026-08-18,143,P003,Bluetooth Speaker,50
2026-08-18,144,P003,Bluetooth Speaker,50
2026-08-18,145,P010,External Hard Drive,100
2026-08-18,146,P001,Wireless Headphones,100
2026-08-18,147,P004,USB Flash Drive,20
2026-08-18,148,P002,Laptop Backpack,60
2026-08-18,149,P008,HDMI Cable,15
2026-08-18,150,P001,Wireless Headphones,100
2026-08-18,151,P001,Wireless Headphones,100
2026-08-18,152,P001,Wireless Headphones,100
2026-08-18,153,P003,Bluetooth Speaker,50
2026-08-18,154,P001,Wireless Headphones,100
2026-08-18,155,P006,Wireless Mouse,30
2026-08-18,156,P010,External Hard Drive,100
2026-08-18,157,P008,HDMI Cable,15
2026-08-18,158,P002,Laptop Backpack,60
2026-08-18,159,P008,HDMI Cable,15
2026-08-18,160,P003,Bluetooth Speaker,50
2026-08-18,161,P008,HDMI Cable,15
2026-08-18,162,P005,Mobile Phone Case,15
2026-08-18,163,P004,USB Flash Drive,20
2026-08-18,164,P003,Bluetooth Speaker,50
2026-08-18,165,P005,Mobile Phone Case,15
2026-08-18,166,P007,Laptop Stand,40
2026-08-18,167,P010,External Hard Drive,100
2026-08-18,168,P004,USB Flash Drive,20
2026-08-18,169,P006,Wireless Mouse,30
2026-08-18,170,P008,HDMI Cable,15
2026-08-18,171,P006,Wireless Mouse,30
2026-08-18,172,P005,Mobile Phone Case,15
2026-08-18,173,P009,Smartphone,600
2026-08-18,174,P007,Laptop Stand,40
2026-08-18,175,P001,Wireless Headphones,100
2026-08-18,176,P008,HDMI Cable,15
2026-08-18,177,P009,Smartphone,600
2026-08-18,178,P001,Wireless Headphones,100
2026-08-18,179,P001,Wireless Headphones,100
2026-08-18,180,P003,Bluetooth Speaker,50
2026-08-18,181,P006,Wireless Mouse,30
2026-08-18,182,P006,Wireless Mouse,30
2026-08-18,183,P001,Wireless Headphones,100
2026-08-18,184,P004,USB Flash Drive,20
2026-08-18,185,P008,HDMI Cable,15
2026-08-18,186,P001,Wireless Headphones,100
2026-08-18,187,P007,Laptop Stand,40
2026-08-18,188,P004,USB Flash Drive,20
2026-08-18,189,P001,Wireless Headphones,100
2026-08-18,190,P001,Wireless Headphones,100
2026-08-18,191,P006,Wireless Mouse,30
2026-08-18,192,P009,Smartphone,600
2026-08-18,193,P004,USB Flash Drive,20
2026-08-18,194,P004,USB Flash Drive,20
2026-08-18,195,P008,HDMI Cable,15
2026-08-18,196,P002,Laptop Backpack,60
2026-08-18,197,P006,Wireless Mouse,30
2026-08-18,198,P008,HDMI Cable,15
2026-08-18,199,P006,Wireless Mouse,30
2026-08-18,200,P003,Bluetooth Speaker,50
2026-08-18,201,P001,Wireless Headphones,100
2026-08-18,202,P004,USB Flash Drive,20
2026-08-18,203,P004,USB Flash Drive,20
2026-08-18,204,P002,Laptop Backpack,60
2026-08-18,205,P006,Wireless Mouse,30
2026-08-18,206,P004,USB Flash Drive,20
2026-08-18,207,P001,Wireless Headphones,100
2026-08-18,208,P005,Mobile Phone Case,15
2026-08-18,209,P002,Laptop Backpack,60
2026-08-18,210,P006,Wireless Mouse,30
2026-08-18,211,P003,Bluetooth Speaker,50
2026-08-18,212,P001,Wireless Headphones,100
2026-08-18,213,P003,Bluetooth Speaker,50
2026-08-18,214,P003,Bluetooth Speaker,50
2026-08-18,215,P009,Smartphone,600
2026-08-18,216,P008,HDMI Cable,15
2026-08-18,217,P010,External Hard Drive,100
2026-08-18,218,P006,Wireless Mouse,30
2026-08-18,219,P005,Mobile Phone Case,15
2026-08-18,220,P010,External Hard Drive,100
2026-08-18,221,P002,Laptop Backpack,60
2026-08-18,222,P005,Mobile Phone Case,15
2026-08-18,223,P010,External Hard Drive,100
2026-08-18,224,P004,USB Flash Drive,20
2026-08-18,225,P002,Laptop Backpack,60
2026-08-18,226,P007,Laptop Stand,40
2026-08-18,227,P010,External Hard Drive,100
2026-08-18,228,P009,Smartphone,600
2026-08-18,229,P009,Smartphone,600
2026-08-18,230,P004,USB Flash Drive,20
2026-08-18,231,P008,HDMI Cable,15
2026-08-18,232,P004,USB Flash Drive,20
2026-08-18,233,P005,Mobile Phone Case,15
2026-08-18,234,P001,Wireless Headphones,100
2026-08-18,235,P007,Laptop Stand,40
2026-08-18,236,P006,Wireless Mouse,30
2026-08-18,237,P001,Wireless Headphones,100
2026-08-18,238,P001,Wireless Headphones,100
2026-08-18,239,P006,Wireless Mouse,30
2026-08-18,240,P003,Bluetooth Speaker,50
2026-08-18,241,P005,Mobile Phone Case,15
2026-08-18,242,P003,Bluetooth Speaker,50
2026-08-18,243,P006,Wireless Mouse,30
2026-08-18,244,P006,Wireless Mouse,30
2026-08-18,245,P003,Bluetooth Speaker,50
2026-08-18,246,P002,Laptop Backpack,60
2026-08-18,247,P006,Wireless Mouse,30
2026-08-18,248,P009,Smartphone,600
2026-08-18,249,P001,Wireless Headphones,100
2026-08-18,250,P004,USB Flash Drive,20
2026-08-18,251,P009,Smartphone,600
2026-08-18,252,P001,Wireless Headphones,100
2026-08-18,253,P008,HDMI Cable,15
2026-08-18,254,P008,HDMI Cable,15
2026-08-18,255,P002,Laptop Backpack,60
2026-08-18,256,P008,HDMI Cable,15
2026-08-18,257,P002,Laptop Backpack,60
2026-08-18,258,P008,HDMI Cable,15
2026-08-18,259,P003,Bluetooth Speaker,50
2026-08-18,260,P007,Laptop Stand,40
2026-08-18,261,P003,Bluetooth Speaker,50
2026-08-18,262,P001,Wireless Headphones,100
2026-08-18,263,P002,Laptop Backpack,60
2026-08-18,264,P008,HDMI Cable,15
2026-08-18,265,P010,External Hard Drive,100
2026-08-18,266,P008,HDMI Cable,15
2026-08-18,267,P003,Bluetooth Speaker,50
2026-08-18,268,P003,Bluetooth Speaker,50
2026-08-18,269,P001,Wireless Headphones,100
2026-08-18,270,P001,Wireless Headphones,100
2026-08-18,271,P001,Wireless Headphones,100
2026-08-18,272,P001,Wireless Headphones,100
2026-08-18,273,P006,Wireless Mouse,30
2026-08-18,274,P001,Wireless Headphones,100
2026-08-18,275,P003,Bluetooth Speaker,50
2026-08-18,276,P010,External Hard Drive,100
2026-08-18,277,P001,Wireless Headphones,100
2026-08-18,278,P004,USB Flash Drive,20
2026-08-18,279,P003,Bluetooth Speaker,50
2026-08-18,280,P004,USB Flash Drive,20
2026-08-18,281,P002,Laptop Backpack,60
2026-08-18,282,P003,Bluetooth Speaker,50
2026-08-18,283,P008,HDMI Cable,15
2026-08-18,284,P001,Wireless Headphones,100
2026-08-18,285,P004,USB Flash Drive,20
2026-08-18,286,P007,Laptop Stand,40
2026-08-18,287,P010,External Hard Drive,100
2026-08-18,288,P007,Laptop Stand,40
2026-08-18,289,P001,Wireless Headphones,100
2026-08-18,290,P001,Wireless Headphones,100
2026-08-18,291,P001,Wireless Headphones,100
2026-08-18,292,P003,Bluetooth Speaker,50
2026-08-18,293,P004,USB Flash Drive,20
2026-08-18,294,P010,External Hard Drive,100
2026-08-18,295,P003,Bluetooth Speaker,50
2026-08-18,296,P001,Wireless Headphones,100
2026-08-18,297,P003,Bluetooth Speaker,50
2026-08-18,298,P003,Bluetooth Speaker,50
2026-08-18,299,P001,Wireless Headphones,100
2026-08-18,300,P008,HDMI Cable,15
2026-08-18,301,P009,Smartphone,600
2026-08-18,302,P006,Wireless Mouse,30
2026-08-18,303,P007,Laptop Stand,40
2026-08-18,304,P008,HDMI Cable,15
2026-08-18,305,P010,External Hard Drive,100
2026-08-18,306,P009,Smartphone,600
2026-08-18,307,P003,Bluetooth Speaker,50
2026-08-18,308,P009,Smartphone,600
2026-08-18,309,P004,USB Flash Drive,20
2026-08-18,310,P006,Wireless Mouse,30
2026-08-18,311,P003,Bluetooth Speaker,50
2026-08-18,312,P007,Laptop Stand,40
2026-08-18,313,P001,Wireless Headphones,100
2026-08-18,314,P003,Bluetooth Speaker,50
2026-08-18,315,P003,Bluetooth Speaker,50
2026-08-18,316,P002,Laptop Backpack,60
2026-08-18,317,P001,Wireless Headphones,100
2026-08-18,318,P008,HDMI Cable,15
2026-08-18,319,P003,Bluetooth Speaker,50
2026-08-18,320,P006,Wireless Mouse,30
2026-08-18,321,P002,Laptop Backpack,60
2026-08-18,322,P003,Bluetooth Speaker,50
2026-08-18,323,P002,Laptop Backpack,60
2026-08-18,324,P001,Wireless Headphones,100
2026-08-18,325,P010,External Hard Drive,100
2026-08-18,326,P003,Bluetooth Speaker,50
2026-08-18,327,P002,Laptop Backpack,60
2026-08-18,328,P008,HDMI Cable,15
2026-08-18,329,P006,Wireless Mouse,30
2026-08-18,330,P004,USB Flash Drive,20
2026-08-18,331,P001,Wireless Headphones,100
2026-08-18,332,P001,Wireless Headphones,100
2026-08-18,333,P008,HDMI Cable,15
2026-08-18,334,P009,Smartphone,600
2026-08-18,335,P006,Wireless Mouse,30
2026-08-18,336,P006,Wireless Mouse,30
2026-08-18,337,P010,External Hard Drive,100
2026-08-18,338,P007,Laptop Stand,40
2026-08-18,339,P004,USB Flash Drive,20
2026-08-18,340,P008,HDMI Cable,15
2026-08-18,341,P010,External Hard Drive,100
2026-08-18,342,P002,Laptop Backpack,60
2026-08-18,343,P010,External Hard Drive,100
2026-08-18,344,P007,Laptop Stand,40
2026-08-18,345,P010,External Hard Drive,100
2026-08-18,346,P003,Bluetooth Speaker,50
2026-08-18,347,P002,Laptop Backpack,60
2026-08-18,348,P005,Mobile Phone Case,15
2026-08-18,349,P010,External Hard Drive,100
2026-08-18,350,P001,Wireless Headphones,100
2026-08-18,351,P006,Wireless Mouse,30
2026-08-18,352,P001,Wireless Headphones,100
2026-08-18,353,P008,HDMI Cable,15
2026-08-18,354,P001,Wireless Headphones,100
2026-08-18,355,P006,Wireless Mouse,30
2026-08-18,356,P008,HDMI Cable,15
2026-08-18,357,P006,Wireless Mouse,30
2026-08-18,358,P002,Laptop Backpack,60
2026-08-18,359,P008,HDMI Cable,15
2026-08-18,360,P002,Laptop Backpack,60
2026-08-18,361,P008,HDMI Cable,15
2026-08-18,362,P006,Wireless Mouse,30
2026-08-18,363,P004,USB Flash Drive,20
2026-08-18,364,P008,HDMI Cable,15
2026-08-18,365,P004,USB Flash Drive,20
2026-08-18,366,P006,Wireless Mouse,30
2026-08-18,367,P001,Wireless Headphones,100
2026-08-18,368,P006,Wireless Mouse,30
2026-08-18,369,P004,USB Flash Drive,20
2026-08-18,370,P001,Wireless Headphones,100
2026-08-18,371,P004,USB Flash Drive,20
2026-08-18,372,P008,HDMI Cable,15
2026-08-18,373,P005,Mobile Phone Case,15
2026-08-18,374,P002,Laptop Backpack,60
2026-08-18,375,P009,Smartphone,600
2026-08-18,376,P010,External Hard Drive,100
2026-08-18,377,P004,USB Flash Drive,20
2026-08-18,378,P004,USB Flash Drive,20
2026-08-18,379,P001,Wireless Headphones,100
2026-08-18,380,P006,Wireless Mouse,30
2026-08-18,381,P005,Mobile Phone Case,15
2026-08-18,382,P001,Wireless Headphones,100
2026-08-18,383,P006,Wireless Mouse,30
2026-08-18,384,P003,Bluetooth Speaker,50
2026-08-18,385,P008,HDMI Cable,15
2026-08-18,386,P001,Wireless Headphones,100
2026-08-18,387,P006,Wireless Mouse,30
2026-08-18,388,P003,Bluetooth Speaker,50
2026-08-18,389,P001,Wireless Headphones,100
2026-08-18,390,P002,Laptop Backpack,60
2026-08-18,391,P007,Laptop Stand,40
2026-08-18,392,P006,Wireless Mouse,30
2026-08-18,393,P009,Smartphone,600
2026-08-18,394,P001,Wireless Headphones,100
2026-08-18,395,P007,Laptop Stand,40
2026-08-18,396,P004,USB Flash Drive,20
2026-08-18,397,P004,USB Flash Drive,20
2026-08-18,398,P001,Wireless Headphones,100
2026-08-18,399,P008,HDMI Cable,15
2026-08-18,400,P006,Wireless Mouse,30
2026-08-18,401,P003,Bluetooth Speaker,50
2026-08-18,402,P004,USB Flash Drive,20
2026-08-18,403,P010,External Hard Drive,100
2026-08-18,404,P002,Laptop Backpack,60
2026-08-18,405,P001,Wireless Headphones,100
2026-08-18,406,P008,HDMI Cable,15
2026-08-18,407,P010,External Hard Drive,100
2026-08-18,408,P004,USB Flash Drive,20
2026-08-18,409,P001,Wireless Headphones,100
2026-08-18,410,P004,USB Flash Drive,20
2026-08-18,411,P006,Wireless Mouse,30
2026-08-18,412,P002,Laptop Backpack,60
2026-08-18,413,P007,Laptop Stand,40
2026-08-18,414,P003,Bluetooth Speaker,50
2026-08-18,415,P003,Bluetooth Speaker,50
2026-08-18,416,P004,USB Flash Drive,20
2026-08-18,417,P004,USB Flash Drive,20
2026-08-18,418,P010,External Hard Drive,100
2026-08-18,419,P010,External Hard Drive,100
2026-08-18,420,P004,USB Flash Drive,20
2026-08-18,421,P001,Wireless Headphones,100
2026-08-18,422,P002,Laptop Backpack,60
2026-08-18,423,P001,Wireless Headphones,100
2026-08-18,424,P010,External Hard Drive,100
2026-08-18,425,P007,Laptop Stand,40
2026-08-18,426,P008,HDMI Cable,15
2026-08-18,427,P006,Wireless Mouse,30
2026-08-18,428,P005,Mobile Phone Case,15
2026-08-18,429,P003,Bluetooth Speaker,50
2026-08-18,430,P001,Wireless Headphones,100
2026-08-18,431,P001,Wireless Headphones,100
2026-08-18,432,P009,Smartphone,600
2026-08-18,433,P005,Mobile Phone Case,15
2026-08-18,434,P006,Wireless Mouse,30
2026-08-18,435,P001,Wireless Headphones,100
2026-08-18,436,P001,Wireless Headphones,100
2026-08-18,437,P001,Wireless Headphones,100
2026-08-18,438,P003,Bluetooth Speaker,50
2026-08-18,439,P001,Wireless Headphones,100
2026-08-18,440,P004,USB Flash Drive,20
2026-08-18,441,P003,Bluetooth Speaker,50
2026-08-18,442,P004,USB Flash Drive,20
2026-08-18,443,P001,Wireless Headphones,100
2026-08-18,444,P002,Laptop Backpack,60
2026-08-18,445,P003,Bluetooth Speaker,50
2026-08-18,446,P006,Wireless Mouse,30
2026-08-18,447,P003,Bluetooth Speaker,50
2026-08-18,448,P001,Wireless Headphones,100
2026-08-18,449,P004,USB Flash Drive,20
2026-08-18,450,P001,Wireless Headphones,100
2026-08-18,451,P006,Wireless Mouse,30
2026-08-18,452,P003,Bluetooth Speaker,50
2026-08-18,453,P003,Bluetooth Speaker,50
2026-08-18,454,P001,Wireless Headphones,100
2026-08-18,455,P001,Wireless Headphones,100
2026-08-18,456,P001,Wireless Headphones,100
2026-08-18,457,P004,USB Flash Drive,20
2026-08-18,458,P008,HDMI Cable,15
2026-08-18,459,P001,Wireless Headphones,100
2026-08-18,460,P003,Bluetooth Speaker,50
2026-08-18,461,P009,Smartphone,600
2026-08-18,462,P006,Wireless Mouse,30
2026-08-18,463,P010,External Hard Drive,100
2026-08-18,464,P010,External Hard Drive,100
2026-08-18,465,P004,USB Flash Drive,20
2026-08-18,466,P006,Wireless Mouse,30
2026-08-18,467,P006,Wireless Mouse,30
2026-08-18,468,P001,Wireless Headphones,100
2026-08-18,469,P004,USB Flash Drive,20
2026-08-18,470,P008,HDMI Cable,15
2026-08-18,471,P001,Wireless Headphones,100
2026-08-18,472,P006,Wireless Mouse,30
2026-08-18,473,P006,Wireless Mouse,30
2026-08-18,474,P008,HDMI Cable,15
2026-08-18,475,P001,Wireless Headphones,100
2026-08-18,476,P001,Wireless Headphones,100
2026-08-18,477,P002,Laptop Backpack,60
2026-08-18,478,P001,Wireless Headphones,100
2026-08-18,479,P001,Wireless Headphones,100
2026-08-18,480,P008,HDMI Cable,15
2026-08-18,481,P010,External Hard Drive,100
2026-08-18,482,P001,Wireless Headphones,100
2026-08-18,483,P008,HDMI Cable,15
2026-08-18,484,P010,External Hard Drive,100
2026-08-18,485,P010,External Hard Drive,100
2026-08-18,486,P005,Mobile Phone Case,15
2026-08-18,487,P008,HDMI Cable,15
2026-08-18,488,P004,USB Flash Drive,20
2026-08-18,489,P003,Bluetooth Speaker,50
2026-08-18,490,P004,USB Flash Drive,20
2026-08-18,491,P005,Mobile Phone Case,15
2026-08-18,492,P004,USB Flash Drive,20
2026-08-18,493,P009,Smartphone,600
2026-08-18,494,P006,Wireless Mouse,30
2026-08-18,495,P007,Laptop Stand,40
2026-08-18,496,P009,Smartphone,600
2026-08-18,497,P004,USB Flash Drive,20
2026-08-18,498,P006,Wireless Mouse,30
2026-08-18,499,P001,Wireless Headphones,100
2026-08-18,500,P001,Wireless Headphones,100
2026-08-18,501,P006,Wireless Mouse,30
2026-08-18,502,P002,Laptop Backpack,60
2026-08-18,503,P004,USB Flash Drive,20
2026-08-18,504,P001,Wireless Headphones,100
2026-08-18,505,P004,USB Flash Drive,20
2026-08-18,506,P010,External Hard Drive,100
2026-08-18,507,P003,Bluetooth Speaker,50
2026-08-18,508,P001,Wireless Headphones,100
2026-08-18,509,P006,Wireless Mouse,30
2026-08-18,510,P004,USB Flash Drive,20
2026-08-18,511,P009,Smartphone,600
2026-08-18,512,P004,USB Flash Drive,20
2026-08-18,513,P006,Wireless Mouse,30
2026-08-18,514,P010,External Hard Drive,100
2026-08-18,515,P001,Wireless Headphones,100
2026-08-18,516,P006,Wireless Mouse,30
2026-08-18,517,P010,External Hard Drive,100
2026-08-18,518,P006,Wireless Mouse,30
2026-08-18,519,P006,Wireless Mouse,30
2026-08-18,520,P001,Wireless Headphones,100
2026-08-18,521,P001,Wireless Headphones,100
2026-08-18,522,P003,Bluetooth Speaker,50
2026-08-18,523,P002,Laptop Backpack,60
2026-08-18,524,P001,Wireless Headphones,100
2026-08-18,525,P003,Bluetooth Speaker,50
2026-08-18,526,P003,Bluetooth Speaker,50
2026-08-18,527,P006,Wireless Mouse,30
2026-08-18,528,P001,Wireless Headphones,100
2026-08-18,529,P006,Wireless Mouse,30
2026-08-18,530,P008,HDMI Cable,15
2026-08-18,531,P010,External Hard Drive,100
2026-08-18,532,P004,USB Flash Drive,20
2026-08-18,533,P003,Bluetooth Speaker,50
2026-08-18,534,P001,Wireless Headphones,100
2026-08-18,535,P008,HDMI Cable,15
2026-08-18,536,P004,USB Flash Drive,20
2026-08-18,537,P006,Wireless Mouse,30
2026-08-18,538,P001,Wireless Headphones,100
2026-08-18,539,P003,Bluetooth Speaker,50
2026-08-18,540,P002,Laptop Backpack,60
2026-08-18,541,P001,Wireless Headphones,100
2026-08-18,542,P010,External Hard Drive,100
2026-08-18,543,P002,Laptop Backpack,60
2026-08-18,544,P006,Wireless Mouse,30
2026-08-18,545,P002,Laptop Backpack,60
2026-08-18,546,P008,HDMI Cable,15
2026-08-18,547,P002,Laptop Backpack,60
2026-08-18,548,P001,Wireless Headphones,100
2026-08-18,549,P003,Bluetooth Speaker,50
2026-08-18,550,P005,Mobile Phone Case,15
2026-08-18,551,P002,Laptop Backpack,60
2026-08-18,552,P002,Laptop Backpack,60
2026-08-18,553,P006,Wireless Mouse,30
2026-08-18,554,P007,Laptop Stand,40
2026-08-18,555,P001,Wireless Headphones,100
2026-08-18,556,P004,USB Flash Drive,20
2026-08-18,557,P010,External Hard Drive,100
2026-08-18,558,P006,Wireless Mouse,30
2026-08-18,559,P005,Mobile Phone Case,15
2026-08-18,560,P002,Laptop Backpack,60
2026-08-18,561,P004,USB Flash Drive,20
2026-08-18,562,P007,Laptop Stand,40
2026-08-18,563,P006,Wireless Mouse,30
2026-08-18,564,P001,Wireless Headphones,100
2026-08-18,565,P010,External Hard Drive,100
2026-08-18,566,P001,Wireless Headphones,100
2026-08-18,567,P002,Laptop Backpack,60
2026-08-18,568,P008,HDMI Cable,15
2026-08-18,569,P006,Wireless Mouse,30
2026-08-18,570,P001,Wireless Headphones,100
2026-08-18,571,P006,Wireless Mouse,30
2026-08-18,572,P004,USB Flash Drive,20
2026-08-18,573,P010,External Hard Drive,100
2026-08-18,574,P010,External Hard Drive,100
2026-08-18,575,P008,HDMI Cable,15
2026-08-18,576,P008,HDMI Cable,15
2026-08-18,577,P007,Laptop Stand,40
2026-08-18,578,P004,USB Flash Drive,20
2026-08-18,579,P007,Laptop Stand,40
2026-08-18,580,P001,Wireless Headphones,100
2026-08-18,581,P006,Wireless Mouse,30
2026-08-18,582,P004,USB Flash Drive,20
2026-08-18,583,P010,External Hard Drive,100
2026-08-18,584,P010,External Hard Drive,100
2026-08-18,585,P007,Laptop Stand,40
2026-08-18,586,P001,Wireless Headphones,100
2026-08-18,587,P007,Laptop Stand,40
2026-08-18,588,P004,USB Flash Drive,20
2026-08-18,589,P006,Wireless Mouse,30
2026-08-18,590,P006,Wireless Mouse,30
2026-08-18,591,P003,Bluetooth Speaker,50
2026-08-18,592,P006,Wireless Mouse,30
2026-08-18,593,P001,Wireless Headphones,100
2026-08-18,594,P001,Wireless Headphones,100
2026-08-18,595,P006,Wireless Mouse,30
2026-08-18,596,P010,External Hard Drive,100
2026-08-18,597,P006,Wireless Mouse,30
2026-08-18,598,P008,HDMI Cable,15
2026-08-18,599,P008,HDMI Cable,15
2026-08-18,600,P006,Wireless Mouse,30
2026-08-18,601,P005,Mobile Phone Case,15
2026-08-18,602,P002,Laptop Backpack,60
2026-08-18,603,P004,USB Flash Drive,20
2026-08-18,604,P009,Smartphone,600
2026-08-18,605,P010,External Hard Drive,100
2026-08-18,606,P010,External Hard Drive,100
2026-08-18,607,P002,Laptop Backpack,60
2026-08-18,608,P001,Wireless Headphones,100
2026-08-18,609,P001,Wireless Headphones,100
2026-08-18,610,P006,Wireless Mouse,30
2026-08-18,611,P001,Wireless Headphones,100
2026-08-18,612,P007,Laptop Stand,40
2026-08-18,613,P003,Bluetooth Speaker,50
2026-08-18,614,P001,Wireless Headphones,100
2026-08-18,615,P010,External Hard Drive,100
2026-08-18,616,P010,External Hard Drive,100
2026-08-18,617,P001,Wireless Headphones,100
2026-08-18,618,P004,USB Flash Drive,20
2026-08-18,619,P006,Wireless Mouse,30
2026-08-18,620,P008,HDMI Cable,15
2026-08-18,621,P001,Wireless Headphones,100
2026-08-18,622,P010,External Hard Drive,100
2026-08-18,623,P009,Smartphone,600
2026-08-18,624,P004,USB Flash Drive,20
2026-08-18,625,P003,Bluetooth Speaker,50
2026-08-18,626,P002,Laptop Backpack,60
2026-08-18,627,P003,Bluetooth Speaker,50
2026-08-18,628,P010,External Hard Drive,100
2026-08-18,629,P004,USB Flash Drive,20
2026-08-18,630,P002,Laptop Backpack,60
2026-08-18,631,P003,Bluetooth Speaker,50
2026-08-18,632,P009,Smartphone,600
2026-08-18,633,P010,External Hard Drive,100
2026-08-18,634,P006,Wireless Mouse,30
2026-08-18,635,P008,HDMI Cable,15
2026-08-18,636,P003,Bluetooth Speaker,50
2026-08-18,637,P002,Laptop Backpack,60
2026-08-18,638,P004,USB Flash Drive,20
2026-08-18,639,P002,Laptop Backpack,60
2026-08-18,640,P001,Wireless Headphones,100
2026-08-18,641,P007,Laptop Stand,40
2026-08-18,642,P006,Wireless Mouse,30
2026-08-18,643,P002,Laptop Backpack,60
2026-08-18,644,P008,HDMI Cable,15
2026-08-18,645,P008,HDMI Cable,15
2026-08-18,646,P008,HDMI Cable,15
2026-08-18,647,P008,HDMI Cable,15
2026-08-18,648,P008,HDMI Cable,15
2026-08-18,649,P002,Laptop Backpack,60
2026-08-18,650,P010,External Hard Drive,100
2026-08-18,651,P004,USB Flash Drive,20
2026-08-18,652,P002,Laptop Backpack,60
2026-08-18,653,P010,External Hard Drive,100
2026-08-18,654,P006,Wireless Mouse,30
2026-08-18,655,P001,Wireless Headphones,100
2026-08-18,656,P010,External Hard Drive,100
2026-08-18,657,P009,Smartphone,600
2026-08-18,658,P001,Wireless Headphones,100
2026-08-18,659,P010,External Hard Drive,100
2026-08-18,660,P004,USB Flash Drive,20
2026-08-18,661,P006,Wireless Mouse,30
2026-08-18,662,P004,USB Flash Drive,20
2026-08-18,663,P004,USB Flash Drive,20
2026-08-18,664,P001,Wireless Headphones,100
2026-08-18,665,P004,USB Flash Drive,20
2026-08-18,666,P004,USB Flash Drive,20
2026-08-18,667,P004,USB Flash Drive,20
2026-08-18,668,P004,USB Flash Drive,20
2026-08-18,669,P005,Mobile Phone Case,15
2026-08-18,670,P003,Bluetooth Speaker,50
2026-08-18,671,P007,Laptop Stand,40
2026-08-18,672,P001,Wireless Headphones,100
2026-08-18,673,P004,USB Flash Drive,20
2026-08-18,674,P006,Wireless Mouse,30
2026-08-18,675,P010,External Hard Drive,100
2026-08-18,676,P003,Bluetooth Speaker,50
2026-08-18,677,P001,Wireless Headphones,100
2026-08-18,678,P008,HDMI Cable,15
2026-08-18,679,P008,HDMI Cable,15
2026-08-18,680,P001,Wireless Headphones,100
2026-08-18,681,P008,HDMI Cable,15
2026-08-18,682,P007,Laptop Stand,40
2026-08-18,683,P002,Laptop Backpack,60
2026-08-18,684,P010,External Hard Drive,100
2026-08-18,685,P001,Wireless Headphones,100
2026-08-18,686,P006,Wireless Mouse,30
2026-08-18,687,P010,External Hard Drive,100
2026-08-18,688,P005,Mobile Phone Case,15
2026-08-18,689,P004,USB Flash Drive,20
2026-08-18,690,P002,Laptop Backpack,60
2026-08-18,691,P004,USB Flash Drive,20
2026-08-18,692,P002,Laptop Backpack,60
2026-08-18,693,P002,Laptop Backpack,60
2026-08-18,694,P010,External Hard Drive,100
2026-08-18,695,P007,Laptop Stand,40
2026-08-18,696,P008,HDMI Cable,15
2026-08-18,697,P001,Wireless Headphones,100
2026-08-18,698,P009,Smartphone,600
2026-08-18,699,P001,Wireless Headphones,100
2026-08-18,700,P008,HDMI Cable,15
2026-08-18,701,P006,Wireless Mouse,30
2026-08-18,702,P004,USB Flash Drive,20
2026-08-18,703,P001,Wireless Headphones,100
2026-08-18,704,P001,Wireless Headphones,100
2026-08-18,705,P006,Wireless Mouse,30
2026-08-18,706,P001,Wireless Headphones,100
2026-08-18,707,P006,Wireless Mouse,30
2026-08-18,708,P004,USB Flash Drive,20
2026-08-18,709,P009,Smartphone,600
2026-08-18,710,P004,USB Flash Drive,20
2026-08-18,711,P001,Wireless Headphones,100
2026-08-18,712,P010,External Hard Drive,100
2026-08-18,713,P006,Wireless Mouse,30
2026-08-18,714,P010,External Hard Drive,100
2026-08-18,715,P008,HDMI Cable,15
2026-08-18,716,P004,USB Flash Drive,20
2026-08-18,717,P001,Wireless Headphones,100
2026-08-18,718,P007,Laptop Stand,40
2026-08-18,719,P001,Wireless Headphones,100
2026-08-18,720,P004,USB Flash Drive,20
2026-08-18,721,P009,Smartphone,600
2026-08-18,722,P004,USB Flash Drive,20
2026-08-18,723,P001,Wireless Headphones,100
2026-08-18,724,P008,HDMI Cable,15
2026-08-18,725,P001,Wireless Headphones,100
2026-08-18,726,P008,HDMI Cable,15
2026-08-18,727,P004,USB Flash Drive,20
2026-08-18,728,P010,External Hard Drive,100
2026-08-18,729,P007,Laptop Stand,40
2026-08-18,730,P005,Mobile Phone Case,15
2026-08-18,731,P010,External Hard Drive,100
2026-08-18,732,P006,Wireless Mouse,30
2026-08-18,733,P002,Laptop Backpack,60
2026-08-18,734,P001,Wireless Headphones,100
2026-08-18,735,P004,USB Flash Drive,20
2026-08-18,736,P006,Wireless Mouse,30
2026-08-18,737,P002,Laptop Backpack,60
2026-08-18,738,P010,External Hard Drive,100
2026-08-18,739,P008,HDMI Cable,15
2026-08-18,740,P006,Wireless Mouse,30
2026-08-18,741,P010,External Hard Drive,100
2026-08-18,742,P008,HDMI Cable,15
2026-08-18,743,P006,Wireless Mouse,30
2026-08-18,744,P004,USB Flash Drive,20
2026-08-18,745,P004,USB Flash Drive,20
2026-08-18,746,P006,Wireless Mouse,30
2026-08-18,747,P001,Wireless Headphones,100
2026-08-18,748,P010,External Hard Drive,100
2026-08-18,749,P005,Mobile Phone Case,15
2026-08-18,750,P002,Laptop Backpack,60
2026-08-18,751,P004,USB Flash Drive,20
2026-08-18,752,P004,USB Flash Drive,20
2026-08-18,753,P001,Wireless Headphones,100
2026-08-18,754,P001,Wireless Headphones,100
2026-08-18,755,P003,Bluetooth Speaker,50
2026-08-18,756,P010,External Hard Drive,100
2026-08-18,757,P001,Wireless Headphones,100
2026-08-18,758,P003,Bluetooth Speaker,50
2026-08-18,759,P005,Mobile Phone Case,15
2026-08-18,760,P006,Wireless Mouse,30
2026-08-18,761,P008,HDMI Cable,15
2026-08-18,762,P008,HDMI Cable,15
2026-08-18,763,P002,Laptop Backpack,60
2026-08-18,764,P002,Laptop Backpack,60
2026-08-18,765,P004,USB Flash Drive,20
2026-08-18,766,P008,HDMI Cable,15
2026-08-18,767,P004,USB Flash Drive,20
2026-08-18,768,P003,Bluetooth Speaker,50
2026-08-18,769,P002,Laptop Backpack,60
2026-08-18,770,P005,Mobile Phone Case,15
2026-08-18,771,P001,Wireless Headphones,100
2026-08-18,772,P001,Wireless Headphones,100
2026-08-18,773,P008,HDMI Cable,15
2026-08-18,774,P006,Wireless Mouse,30
2026-08-18,775,P008,HDMI Cable,15
2026-08-18,776,P002,Laptop Backpack,60
2026-08-18,777,P005,Mobile Phone Case,15
2026-08-18,778,P008,HDMI Cable,15
2026-08-18,779,P002,Laptop Backpack,60
2026-08-18,780,P005,Mobile Phone Case,15
2026-08-18,781,P007,Laptop Stand,40
2026-08-18,782,P002,Laptop Backpack,60
2026-08-18,783,P010,External Hard Drive,100
2026-08-18,784,P008,HDMI Cable,15
2026-08-18,785,P008,HDMI Cable,15
2026-08-18,786,P001,Wireless Headphones,100
2026-08-18,787,P006,Wireless Mouse,30
2026-08-18,788,P006,Wireless Mouse,30
2026-08-18,789,P010,External Hard Drive,100
2026-08-18,790,P001,Wireless Headphones,100
2026-08-18,791,P003,Bluetooth Speaker,50
2026-08-18,792,P009,Smartphone,600
2026-08-18,793,P009,Smartphone,600
2026-08-18,794,P009,Smartphone,600
2026-08-18,795,P001,Wireless Headphones,100
2026-08-18,796,P004,USB Flash Drive,20
2026-08-18,797,P008,HDMI Cable,15
2026-08-18,798,P010,External Hard Drive,100
2026-08-18,799,P009,Smartphone,600
2026-08-18,800,P008,HDMI Cable,15
2026-08-18,801,P010,External Hard Drive,100
2026-08-18,802,P004,USB Flash Drive,20
2026-08-18,803,P010,External Hard Drive,100
2026-08-18,804,P002,Laptop Backpack,60
2026-08-18,805,P005,Mobile Phone Case,15
2026-08-18,806,P008,HDMI Cable,15
2026-08-18,807,P009,Smartphone,600
2026-08-18,808,P004,USB Flash Drive,20
2026-08-18,809,P008,HDMI Cable,15
2026-08-18,810,P004,USB Flash Drive,20
2026-08-18,811,P006,Wireless Mouse,30
2026-08-18,812,P002,Laptop Backpack,60
2026-08-18,813,P008,HDMI Cable,15
2026-08-18,814,P001,Wireless Headphones,100
2026-08-18,815,P008,HDMI Cable,15
2026-08-18,816,P007,Laptop Stand,40
2026-08-18,817,P004,USB Flash Drive,20
2026-08-18,818,P008,HDMI Cable,15
2026-08-18,819,P001,Wireless Headphones,100
2026-08-18,820,P006,Wireless Mouse,30
2026-08-18,821,P003,Bluetooth Speaker,50
2026-08-18,822,P004,USB Flash Drive,20
2026-08-18,823,P006,Wireless Mouse,30
2026-08-18,824,P004,USB Flash Drive,20
2026-08-18,825,P008,HDMI Cable,15
2026-08-18,826,P006,Wireless Mouse,30
2026-08-18,827,P006,Wireless Mouse,30
2026-08-18,828,P010,External Hard Drive,100
2026-08-18,829,P004,USB Flash Drive,20
2026-08-18,830,P006,Wireless Mouse,30
2026-08-18,831,P006,Wireless Mouse,30
2026-08-18,832,P006,Wireless Mouse,30
2026-08-18,833,P002,Laptop Backpack,60
2026-08-18,834,P009,Smartphone,600
2026-08-18,835,P001,Wireless Headphones,100
2026-08-18,836,P010,External Hard Drive,100
2026-08-18,837,P005,Mobile Phone Case,15
2026-08-18,838,P010,External Hard Drive,100
2026-08-18,839,P001,Wireless Headphones,100
2026-08-18,840,P001,Wireless Headphones,100
2026-08-18,841,P007,Laptop Stand,40
2026-08-18,842,P001,Wireless Headphones,100
2026-08-18,843,P001,Wireless Headphones,100
2026-08-18,844,P006,Wireless Mouse,30
2026-08-18,845,P010,External Hard Drive,100
2026-08-18,846,P006,Wireless Mouse,30
2026-08-18,847,P006,Wireless Mouse,30
2026-08-18,848,P001,Wireless Headphones,100
2026-08-18,849,P002,Laptop Backpack,60
2026-08-18,850,P006,Wireless Mouse,30
2026-08-18,851,P006,Wireless Mouse,30
2026-08-18,852,P002,Laptop Backpack,60
2026-08-18,853,P010,External Hard Drive,100
2026-08-18,854,P008,HDMI Cable,15
2026-08-18,855,P001,Wireless Headphones,100
2026-08-18,856,P002,Laptop Backpack,60
2026-08-18,857,P010,External Hard Drive,100
2026-08-18,858,P004,USB Flash Drive,20
2026-08-18,859,P005,Mobile Phone Case,15
2026-08-18,860,P001,Wireless Headphones,100
2026-08-18,861,P004,USB Flash Drive,20
2026-08-18,862,P008,HDMI Cable,15
2026-08-18,863,P009,Smartphone,600
2026-08-18,864,P009,Smartphone,600
2026-08-18,865,P004,USB Flash Drive,20
2026-08-18,866,P002,Laptop Backpack,60
2026-08-18,867,P007,Laptop Stand,40
2026-08-18,868,P008,HDMI Cable,15
2026-08-18,869,P010,External Hard Drive,100
2026-08-18,870,P006,Wireless Mouse,30
2026-08-18,871,P010,External Hard Drive,100
2026-08-18,872,P001,Wireless Headphones,100
2026-08-18,873,P001,Wireless Headphones,100
2026-08-18,874,P002,Laptop Backpack,60
2026-08-18,875,P007,Laptop Stand,40
2026-08-18,876,P002,Laptop Backpack,60
2026-08-18,877,P006,Wireless Mouse,30
2026-08-18,878,P006,Wireless Mouse,30
2026-08-18,879,P005,Mobile Phone Case,15
2026-08-18,880,P004,USB Flash Drive,20
2026-08-18,881,P010,External Hard Drive,100
2026-08-18,882,P007,Laptop Stand,40
2026-08-18,883,P005,Mobile Phone Case,15
2026-08-18,884,P002,Laptop Backpack,60
2026-08-18,885,P010,External Hard Drive,100
2026-08-18,886,P004,USB Flash Drive,20
2026-08-18,887,P004,USB Flash Drive,20
2026-08-18,888,P001,Wireless Headphones,100
2026-08-18,889,P005,Mobile Phone Case,15
2026-08-18,890,P004,USB Flash Drive,20
2026-08-18,891,P004,USB Flash Drive,20
2026-08-18,892,P010,External Hard Drive,100
2026-08-18,893,P004,USB Flash Drive,20
2026-08-18,894,P009,Smartphone,600
2026-08-18,895,P005,Mobile Phone Case,15
2026-08-18,896,P009,Smartphone,600
2026-08-18,897,P007,Laptop Stand,40
2026-08-18,898,P005,Mobile Phone Case,15
2026-08-18,899,P004,USB Flash Drive,20
2026-08-18,900,P003,Bluetooth Speaker,50
2026-08-18,901,P001,Wireless Headphones,100
2026-08-18,902,P003,Bluetooth Speaker,50
2026-08-18,903,P001,Wireless Headphones,100
2026-08-18,904,P001,Wireless Headphones,100
2026-08-18,905,P004,USB Flash Drive,20
2026-08-18,906,P006,Wireless Mouse,30
2026-08-18,907,P003,Bluetooth Speaker,50
2026-08-18,908,P002,Laptop Backpack,60
2026-08-18,909,P001,Wireless Headphones,100
2026-08-18,910,P003,Bluetooth Speaker,50
2026-08-18,911,P008,HDMI Cable,15
2026-08-18,912,P010,External Hard Drive,100
2026-08-18,913,P004,USB Flash Drive,20
2026-08-18,914,P008,HDMI Cable,15
2026-08-18,915,P002,Laptop Backpack,60
2026-08-18,916,P006,Wireless Mouse,30
2026-08-18,917,P006,Wireless Mouse,30
2026-08-18,918,P002,Laptop Backpack,60
2026-08-18,919,P010,External Hard Drive,100
2026-08-18,920,P008,HDMI Cable,15
2026-08-18,921,P009,Smartphone,600
2026-08-18,922,P008,HDMI Cable,15
2026-08-18,923,P005,Mobile Phone Case,15
2026-08-18,924,P004,USB Flash Drive,20
2026-08-18,925,P001,Wireless Headphones,100
2026-08-18,926,P002,Laptop Backpack,60
2026-08-18,927,P002,Laptop Backpack,60
2026-08-18,928,P004,USB Flash Drive,20
2026-08-18,929,P004,USB Flash Drive,20
2026-08-18,930,P002,Laptop Backpack,60
2026-08-18,931,P006,Wireless Mouse,30
2026-08-18,932,P004,USB Flash Drive,20
2026-08-18,933,P010,External Hard Drive,100
2026-08-18,934,P006,Wireless Mouse,30
2026-08-18,935,P003,Bluetooth Speaker,50
2026-08-18,936,P001,Wireless Headphones,100
2026-08-18,937,P010,External Hard Drive,100
2026-08-18,938,P009,Smartphone,600
2026-08-18,939,P001,Wireless Headphones,100
2026-08-18,940,P010,External Hard Drive,100
2026-08-18,941,P001,Wireless Headphones,100
2026-08-18,942,P001,Wireless Headphones,100
2026-08-18,943,P001,Wireless Headphones,100
2026-08-18,944,P004,USB Flash Drive,20
2026-08-18,945,P004,USB Flash Drive,20
2026-08-18,946,P010,External Hard Drive,100
2026-08-18,947,P006,Wireless Mouse,30
2026-08-18,948,P004,USB Flash Drive,20
2026-08-18,949,P008,HDMI Cable,15
2026-08-18,950,P003,Bluetooth Speaker,50
2026-08-18,951,P004,USB Flash Drive,20
2026-08-18,952,P008,HDMI Cable,15
2026-08-18,953,P005,Mobile Phone Case,15
2026-08-18,954,P006,Wireless Mouse,30
2026-08-18,955,P001,Wireless Headphones,100
2026-08-18,956,P006,Wireless Mouse,30
2026-08-18,957,P004,USB Flash Drive,20
2026-08-18,958,P002,Laptop Backpack,60
2026-08-18,959,P006,Wireless Mouse,30
2026-08-18,960,P003,Bluetooth Speaker,50
2026-08-18,961,P003,Bluetooth Speaker,50
2026-08-18,962,P005,Mobile Phone Case,15
2026-08-18,963,P009,Smartphone,600
2026-08-18,964,P007,Laptop Stand,40
2026-08-18,965,P004,USB Flash Drive,20
2026-08-18,966,P009,Smartphone,600
2026-08-18,967,P003,Bluetooth Speaker,50
2026-08-18,968,P008,HDMI Cable,15
2026-08-18,969,P004,USB Flash Drive,20
2026-08-18,970,P004,USB Flash Drive,20
2026-08-18,971,P001,Wireless Headphones,100
2026-08-18,972,P003,Bluetooth Speaker,50
2026-08-18,973,P001,Wireless Headphones,100
2026-08-18,974,P002,Laptop Backpack,60
2026-08-18,975,P006,Wireless Mouse,30
2026-08-18,976,P004,USB Flash Drive,20
2026-08-18,977,P003,Bluetooth Speaker,50
2026-08-18,978,P010,External Hard Drive,100
2026-08-18,979,P010,External Hard Drive,100
2026-08-18,980,P004,USB Flash Drive,20
2026-08-18,981,P008,HDMI Cable,15
2026-08-18,982,P002,Laptop Backpack,60
2026-08-18,983,P003,Bluetooth Speaker,50
2026-08-18,984,P010,External Hard Drive,100
2026-08-18,985,P002,Laptop Backpack,60
2026-08-18,986,P002,Laptop Backpack,60
2026-08-18,987,P001,Wireless Headphones,100
2026-08-18,988,P001,Wireless Headphones,100
2026-08-18,989,P006,Wireless Mouse,30
2026-08-18,990,P002,Laptop Backpack,60
2026-08-18,991,P004,USB Flash Drive,20
2026-08-18,992,P006,Wireless Mouse,30
2026-08-18,993,P001,Wireless Headphones,100
2026-08-18,994,P005,Mobile Phone Case,15
2026-08-18,995,P006,Wireless Mouse,30
2026-08-18,996,P006,Wireless Mouse,30
2026-08-18,997,P004,USB Flash Drive,20
2026-08-18,998,P001,Wireless Headphones,100
2026-08-18,999,P006,Wireless Mouse,30
2026-08-18,1000,P001,Wireless Headphones,100
